faculty_id	name	pdf_path	score	reasons	top_folder
intake_catherine_pei_ju_lu	Catherine Pei-ju Lu	/Users/tenoeb01/Desktop/Galaxy Files/pubs_inbox/Cell Biology/Pei-ju Lu, Catherine/2012 Lu Cell_anonymous.pdf	16	folder~aff:Cell Biology->cell biology,filename:last	Cell Biology
intake_catherine_pei_ju_lu	Catherine Pei-ju Lu	/Users/tenoeb01/Desktop/Galaxy Files/pubs_inbox/Cell Biology/Pei-ju Lu, Catherine/2016 Lu Science_anonymous.pdf	16	folder~aff:Cell Biology->cell biology,filename:last	Cell Biology
intake_hyung_don_ryoo	Hyung Don Ryoo	/Users/tenoeb01/Desktop/Galaxy Files/pubs_inbox/Cell Biology/Ryoo, Hyung Don/ryoo-et-al-2006-unfolded-protein-response-in-_anonymous.pdf	16	folder~aff:Cell Biology->cell biology,filename:last	Cell Biology
progovac_ana	Ana Progovac	/Users/tenoeb01/Desktop/Galaxy Files/pubs_inbox/IEHE/Ana Progovac/Ana_Progovac-Mental Health Care Provider Experiences_.pdf	18	folder~aff:IEHE->iehe,filename:last,filename:first	IEHE
progovac_ana	Ana Progovac	/Users/tenoeb01/Desktop/Galaxy Files/pubs_inbox/IEHE/Ana Progovac/Ana_Progovac_2020-QHR-PastDiscrimination.pdf	18	folder~aff:IEHE->iehe,filename:last,filename:first	IEHE
progovac_ana	Ana Progovac	/Users/tenoeb01/Desktop/Galaxy Files/pubs_inbox/IEHE/Ana Progovac/Ana_Progovac_2023-MedicareGM-TrendsDisparities.pdf	18	folder~aff:IEHE->iehe,filename:last,filename:first	IEHE
progovac_ana	Ana Progovac	/Users/tenoeb01/Desktop/Galaxy Files/pubs_inbox/IEHE/Ana Progovac/Ana_Progovac_Aldis_2024_LHS-rMBC-disparities-EHR.pdf	18	folder~aff:IEHE->iehe,filename:last,filename:first	IEHE
progovac_ana	Ana Progovac	/Users/tenoeb01/Desktop/Galaxy Files/pubs_inbox/IEHE/Ana Progovac/Ana_Progovac_Dacarett-Galeano_2024_TGD-EHR-MixedMethods.pdf	18	folder~aff:IEHE->iehe,filename:last,filename:first	IEHE
aifah_angela	Angela Aifah	/Users/tenoeb01/Desktop/Galaxy Files/pubs_inbox/IEHE/Angela Aifah/Angela Aifah - s13012-023-01272-5 (1).pdf	18	folder~aff:IEHE->iehe,filename:last,filename:first	IEHE
aifah_angela	Angela Aifah	/Users/tenoeb01/Desktop/Galaxy Files/pubs_inbox/IEHE/Angela Aifah/Angela Aifah - s41256-024-00379-6.pdf	18	folder~aff:IEHE->iehe,filename:last,filename:first	IEHE
aifah_angela	Angela Aifah	/Users/tenoeb01/Desktop/Galaxy Files/pubs_inbox/IEHE/Angela Aifah/Angela Aifah - synergy map bio_Feb2026.pdf	18	folder~aff:IEHE->iehe,filename:last,filename:first	IEHE
aifah_angela	Angela Aifah	/Users/tenoeb01/Desktop/Galaxy Files/pubs_inbox/IEHE/Angela Aifah/Angela Aifah1- s2.0-S0033062020300530-main.pdf	18	folder~aff:IEHE->iehe,filename:last,filename:first	IEHE
schoenthaler_antoinette	Antoinette Schoenthaler	/Users/tenoeb01/Desktop/Galaxy Files/pubs_inbox/IEHE/Antoinette Schoenthaler/Antoinette_Schoenthaler_2020_Article_ASystems-LevelApproachToImprov.pdf	18	folder~aff:IEHE->iehe,filename:last,filename:first	IEHE
schoenthaler_antoinette	Antoinette Schoenthaler	/Users/tenoeb01/Desktop/Galaxy Files/pubs_inbox/IEHE/Antoinette Schoenthaler/Antoinette_Schoenthaler_2024_ic_240083_1716496120.92065.pdf	18	folder~aff:IEHE->iehe,filename:last,filename:first	IEHE
schoenthaler_antoinette	Antoinette Schoenthaler	/Users/tenoeb01/Desktop/Galaxy Files/pubs_inbox/IEHE/Antoinette Schoenthaler/Antoinette_Schoenthaler_FRAME-IS_ALTA.pdf	18	folder~aff:IEHE->iehe,filename:last,filename:first	IEHE
schoenthaler_antoinette	Antoinette Schoenthaler	/Users/tenoeb01/Desktop/Galaxy Files/pubs_inbox/IEHE/Antoinette Schoenthaler/Antoinette_Schoenthaler_iMatter protocol paper.pdf	18	folder~aff:IEHE->iehe,filename:last,filename:first	IEHE
schoenthaler_antoinette	Antoinette Schoenthaler	/Users/tenoeb01/Desktop/Galaxy Files/pubs_inbox/IEHE/Antoinette Schoenthaler/Antoinette_Schoenthaler_time is now paper.pdf	18	folder~aff:IEHE->iehe,filename:last,filename:first	IEHE
roy_britta	Britta Roy	/Users/tenoeb01/Desktop/Galaxy Files/pubs_inbox/IEHE/Britta Roy/Brita Roy - Combining community-based system_anonymous.pdf	16	folder~aff:IEHE->iehe,filename:last	IEHE
roy_britta	Britta Roy	/Users/tenoeb01/Desktop/Galaxy Files/pubs_inbox/IEHE/Britta Roy/Brita_Roy - Assessing Links Between Alcohol E_anonymous.pdf	16	folder~aff:IEHE->iehe,filename:last	IEHE
gonzalez_cristina	Cristina Gonzalez	/Users/tenoeb01/Desktop/Galaxy Files/pubs_inbox/IEHE/Christina Gonzalez/Cristina_Gonzalez_Advancing Diagnostic Excellence through.pdf	18	folder~aff:IEHE->iehe,filename:last,filename:first	IEHE
gonzalez_cristina	Cristina Gonzalez	/Users/tenoeb01/Desktop/Galaxy Files/pubs_inbox/IEHE/Christina Gonzalez/Cristina_Gonzalez_Consensus on Social Determinants of Health Knowledge Topics and Behavior Learning Goals Across y.pdf	18	folder~aff:IEHE->iehe,filename:last,filename:first	IEHE
gonzalez_cristina	Cristina Gonzalez	/Users/tenoeb01/Desktop/Galaxy Files/pubs_inbox/IEHE/Christina Gonzalez/Cristina_Gonzalez_Implicit Bias and Clinical Reasoning_Diagnosis.pdf	18	folder~aff:IEHE->iehe,filename:last,filename:first	IEHE
gonzalez_cristina	Cristina Gonzalez	/Users/tenoeb01/Desktop/Galaxy Files/pubs_inbox/IEHE/Christina Gonzalez/Cristina_Gonzalez_It_Can_Be_Done__A_Skills_Based_Elective_in.25.pdf	18	folder~aff:IEHE->iehe,filename:last,filename:first	IEHE
gonzalez_cristina	Cristina Gonzalez	/Users/tenoeb01/Desktop/Galaxy Files/pubs_inbox/IEHE/Christina Gonzalez/Cristina_Gonzalez_Racial Implicit Bias and Physician Communication Skills JAMA Network Open.pdf	18	folder~aff:IEHE->iehe,filename:last,filename:first	IEHE
popp_collin	Collin J. Popp	/Users/tenoeb01/Desktop/Galaxy Files/pubs_inbox/IEHE/Collin Popp/Collin_Popp CV.pdf	18	folder~aff:IEHE->iehe,filename:last,filename:first	IEHE
popp_collin	Collin J. Popp	/Users/tenoeb01/Desktop/Galaxy Files/pubs_inbox/IEHE/Collin Popp/Collin_Popp-Berube_JNutr_2026.pdf	18	folder~aff:IEHE->iehe,filename:last,filename:first	IEHE
popp_collin	Collin J. Popp	/Users/tenoeb01/Desktop/Galaxy Files/pubs_inbox/IEHE/Collin Popp/Collin_Popp-Nutrients_2021.pdf	18	folder~aff:IEHE->iehe,filename:last,filename:first	IEHE
popp_collin	Collin J. Popp	/Users/tenoeb01/Desktop/Galaxy Files/pubs_inbox/IEHE/Collin Popp/Collin_Popp-Nutrients_2025.pdf	18	folder~aff:IEHE->iehe,filename:last,filename:first	IEHE
popp_collin	Collin J. Popp	/Users/tenoeb01/Desktop/Galaxy Files/pubs_inbox/IEHE/Collin Popp/Collin_Popp-_JAMANO_2022.pdf	18	folder~aff:IEHE->iehe,filename:last,filename:first	IEHE
divers_jasmin	Jasmin Divers	/Users/tenoeb01/Desktop/Galaxy Files/pubs_inbox/IEHE/Jasmin Divers/Jasmin_Divers_ Biosketch SUSTAIN RD.pdf	18	folder~aff:IEHE->iehe,filename:last,filename:first	IEHE
divers_jasmin	Jasmin Divers	/Users/tenoeb01/Desktop/Galaxy Files/pubs_inbox/IEHE/Jasmin Divers/Jasmin_Divers_Computable Phenotype for Diabetes.pdf	18	folder~aff:IEHE->iehe,filename:last,filename:first	IEHE
divers_jasmin	Jasmin Divers	/Users/tenoeb01/Desktop/Galaxy Files/pubs_inbox/IEHE/Jasmin Divers/Jasmin_Divers_Depression and Anxiety.pdf	18	folder~aff:IEHE->iehe,filename:last,filename:first	IEHE
divers_jasmin	Jasmin Divers	/Users/tenoeb01/Desktop/Galaxy Files/pubs_inbox/IEHE/Jasmin Divers/Jasmin_Divers_Employment Status and Tx outcomes.pdf	18	folder~aff:IEHE->iehe,filename:last,filename:first	IEHE
divers_jasmin	Jasmin Divers	/Users/tenoeb01/Desktop/Galaxy Files/pubs_inbox/IEHE/Jasmin Divers/Jasmin_Divers_QI for low dose aspirin.pdf	18	folder~aff:IEHE->iehe,filename:last,filename:first	IEHE
divers_jasmin	Jasmin Divers	/Users/tenoeb01/Desktop/Galaxy Files/pubs_inbox/IEHE/Jasmin Divers/Jasmin_Divers_Replacing race with apol1.pdf	18	folder~aff:IEHE->iehe,filename:last,filename:first	IEHE
rizzo_johnross	JohnRoss Rizzo	/Users/tenoeb01/Desktop/Galaxy Files/pubs_inbox/IEHE/John Ross Rizzo/John Ross Rizzo - Real-Time Loosely Coupled 3DMA GNSS.pdf	16	folder~aff:IEHE->iehe,filename:last	IEHE
rizzo_johnross	JohnRoss Rizzo	/Users/tenoeb01/Desktop/Galaxy Files/pubs_inbox/IEHE/John Ross Rizzo/John Ross Rizzo- Rapid number naming in chronic concussion.pdf	16	folder~aff:IEHE->iehe,filename:last	IEHE
rizzo_johnross	JohnRoss Rizzo	/Users/tenoeb01/Desktop/Galaxy Files/pubs_inbox/IEHE/John Ross Rizzo/John Ross Rizzo- The Intersection between Ocular and Manual Motor Control .pdf	16	folder~aff:IEHE->iehe,filename:last	IEHE
rizzo_johnross	JohnRoss Rizzo	/Users/tenoeb01/Desktop/Galaxy Files/pubs_inbox/IEHE/John Ross Rizzo/John Ross Rizzo- The complexity of eye-hand coordination,s40673-020-00123-z.pdf	16	folder~aff:IEHE->iehe,filename:last	IEHE
ravenell_joseph	Joseph E. Ravenell	/Users/tenoeb01/Desktop/Galaxy Files/pubs_inbox/IEHE/Joseph E. Ravenell/Joseph Ravenell - Impact of Unmet Social Need_anonymous.pdf	18	folder~aff:IEHE->iehe,filename:last,filename:first	IEHE
ravenell_joseph	Joseph E. Ravenell	/Users/tenoeb01/Desktop/Galaxy Files/pubs_inbox/IEHE/Joseph E. Ravenell/Joseph Ravenell - Limited Evidence of Shared_anonymous.pdf	18	folder~aff:IEHE->iehe,filename:last,filename:first	IEHE
ravenell_joseph	Joseph E. Ravenell	/Users/tenoeb01/Desktop/Galaxy Files/pubs_inbox/IEHE/Joseph E. Ravenell/Joseph_Ravenell - Community Engagement for Ef_anonymous.pdf	18	folder~aff:IEHE->iehe,filename:last,filename:first	IEHE
ravenell_joseph	Joseph E. Ravenell	/Users/tenoeb01/Desktop/Galaxy Files/pubs_inbox/IEHE/Joseph E. Ravenell/Joseph_Ravenell_ A randomized clinical trial_anonymous.pdf	18	folder~aff:IEHE->iehe,filename:last,filename:first	IEHE
kumar_manasi	Manasi Kumar	/Users/tenoeb01/Desktop/Galaxy Files/pubs_inbox/IEHE/Manasi Kumar/Manasi_Kumar-MHandpsychosocialinterventions.pdf	18	folder~aff:IEHE->iehe,filename:last,filename:first	IEHE
kumar_manasi	Manasi Kumar	/Users/tenoeb01/Desktop/Galaxy Files/pubs_inbox/IEHE/Manasi Kumar/Manasi_Kumar-bmjgh-9-9.pdf	18	folder~aff:IEHE->iehe,filename:last,filename:first	IEHE
kumar_manasi	Manasi Kumar	/Users/tenoeb01/Desktop/Galaxy Files/pubs_inbox/IEHE/Manasi Kumar/Manasi_Kumar-climateshocks.pdf	18	folder~aff:IEHE->iehe,filename:last,filename:first	IEHE
kumar_manasi	Manasi Kumar	/Users/tenoeb01/Desktop/Galaxy Files/pubs_inbox/IEHE/Manasi Kumar/Manasi_Kumar-complexsystems.pdf	18	folder~aff:IEHE->iehe,filename:last,filename:first	IEHE
kumar_manasi	Manasi Kumar	/Users/tenoeb01/Desktop/Galaxy Files/pubs_inbox/IEHE/Manasi Kumar/Manasi_Kumar-nihms-1002966.pdf	18	folder~aff:IEHE->iehe,filename:last,filename:first	IEHE
brault_marie	Marie Brault	/Users/tenoeb01/Desktop/Galaxy Files/pubs_inbox/IEHE/Marie Brault/MaitraBraultetal_ApproachMHLMICs.pdf	16	folder~aff:IEHE->iehe,filename:last	IEHE
brault_marie	Marie Brault	/Users/tenoeb01/Desktop/Galaxy Files/pubs_inbox/IEHE/Marie Brault/Marie Brault_Braultetal_APTDevoMs.pdf	18	folder~aff:IEHE->iehe,filename:last,filename:first	IEHE
brault_marie	Marie Brault	/Users/tenoeb01/Desktop/Galaxy Files/pubs_inbox/IEHE/Marie Brault/Marie Brault_Braultetal_CovidMH&AgencyIndiaAGYW.pdf	18	folder~aff:IEHE->iehe,filename:last,filename:first	IEHE
brault_marie	Marie Brault	/Users/tenoeb01/Desktop/Galaxy Files/pubs_inbox/IEHE/Marie Brault/Marie Brault_Braultetal_GirlChampAIDS&BehavMs.pdf	18	folder~aff:IEHE->iehe,filename:last,filename:first	IEHE
brault_marie	Marie Brault	/Users/tenoeb01/Desktop/Galaxy Files/pubs_inbox/IEHE/Marie Brault/Marie Brault_IPTGYouthHybridBiosketch.pdf	18	folder~aff:IEHE->iehe,filename:last,filename:first	IEHE
morris_megan	Megan Morris	/Users/tenoeb01/Desktop/Galaxy Files/pubs_inbox/IEHE/Megan Morris/Megan_Morris- s11606-023-08526-4.pdf	18	folder~aff:IEHE->iehe,filename:last,filename:first	IEHE
morris_megan	Megan Morris	/Users/tenoeb01/Desktop/Galaxy Files/pubs_inbox/IEHE/Megan Morris/Megan_Morris-1-s2.0-S1553725021001306-main.pdf	18	folder~aff:IEHE->iehe,filename:last,filename:first	IEHE
morris_megan	Megan Morris	/Users/tenoeb01/Desktop/Galaxy Files/pubs_inbox/IEHE/Megan Morris/Megan_Morris-1-s2.0-S1936657415001016-main.pdf	18	folder~aff:IEHE->iehe,filename:last,filename:first	IEHE
morris_megan	Megan Morris	/Users/tenoeb01/Desktop/Galaxy Files/pubs_inbox/IEHE/Megan Morris/Megan_Morris-Documentation of Disability Status and Accommodation.pdf	18	folder~aff:IEHE->iehe,filename:last,filename:first	IEHE
morris_megan	Megan Morris	/Users/tenoeb01/Desktop/Galaxy Files/pubs_inbox/IEHE/Megan Morris/Megan_Morris-s11606-017-4155-2.pdf	18	folder~aff:IEHE->iehe,filename:last,filename:first	IEHE
bubu_omonigho	Omonigho M. Bubu	/Users/tenoeb01/Desktop/Galaxy Files/pubs_inbox/IEHE/Michael Bubu/Michael Bubu_Adkins‐Jackson - The structural and social determinants of Alzheimer s disease.pdf	16	folder~aff:IEHE->iehe,filename:last	IEHE
bubu_omonigho	Omonigho M. Bubu	/Users/tenoeb01/Desktop/Galaxy Files/pubs_inbox/IEHE/Michael Bubu/Michael Bubu_MuraliKP_BubuOM_et_al_AlzDem2026.pdf	16	folder~aff:IEHE->iehe,filename:last	IEHE
bubu_omonigho	Omonigho M. Bubu	/Users/tenoeb01/Desktop/Galaxy Files/pubs_inbox/IEHE/Michael Bubu/Michael Bubu_OSA.pdf	16	folder~aff:IEHE->iehe,filename:last	IEHE
bubu_omonigho	Omonigho M. Bubu	/Users/tenoeb01/Desktop/Galaxy Files/pubs_inbox/IEHE/Michael Bubu/Michael Bubu_et_al_AlzDem_2020.pdf	16	folder~aff:IEHE->iehe,filename:last	IEHE
bubu_omonigho	Omonigho M. Bubu	/Users/tenoeb01/Desktop/Galaxy Files/pubs_inbox/IEHE/Michael Bubu/Michael Bubu_et_al_SLEEP_2019.pdf	16	folder~aff:IEHE->iehe,filename:last	IEHE
williams_natasha	Natasha J. Williams	/Users/tenoeb01/Desktop/Galaxy Files/pubs_inbox/IEHE/Natasha Williams/Natasha_Williams - 12905_2023_Article_2821.pdf	18	folder~aff:IEHE->iehe,filename:last,filename:first	IEHE
williams_natasha	Natasha J. Williams	/Users/tenoeb01/Desktop/Galaxy Files/pubs_inbox/IEHE/Natasha Williams/Natasha_Williams - AJPH.2022.307072.pdf	18	folder~aff:IEHE->iehe,filename:last,filename:first	IEHE
williams_natasha	Natasha J. Williams	/Users/tenoeb01/Desktop/Galaxy Files/pubs_inbox/IEHE/Natasha Williams/Natasha_Williams - JAH3-14-e039065.pdf	18	folder~aff:IEHE->iehe,filename:last,filename:first	IEHE
williams_natasha	Natasha J. Williams	/Users/tenoeb01/Desktop/Galaxy Files/pubs_inbox/IEHE/Natasha Williams/Natasha_Williams - WIP_Taylor.pdf	18	folder~aff:IEHE->iehe,filename:last,filename:first	IEHE
williams_natasha	Natasha J. Williams	/Users/tenoeb01/Desktop/Galaxy Files/pubs_inbox/IEHE/Natasha Williams/Natasha_Williams - nihms-2100781.pdf	18	folder~aff:IEHE->iehe,filename:last,filename:first	IEHE
ogedegbe_olugbenga	Olugbenga Ogedegbe	/Users/tenoeb01/Desktop/Galaxy Files/pubs_inbox/IEHE/Olugbenga Ogedegbe/Olugbenga_Ogedegbe-CAATCH.pdf	18	folder~aff:IEHE->iehe,filename:last,filename:first	IEHE
ogedegbe_olugbenga	Olugbenga Ogedegbe	/Users/tenoeb01/Desktop/Galaxy Files/pubs_inbox/IEHE/Olugbenga Ogedegbe/Olugbenga_Ogedegbe-FAITH.pdf	18	folder~aff:IEHE->iehe,filename:last,filename:first	IEHE
ogedegbe_olugbenga	Olugbenga Ogedegbe	/Users/tenoeb01/Desktop/Galaxy Files/pubs_inbox/IEHE/Olugbenga Ogedegbe/Olugbenga_Ogedegbe-Positive Affect.pdf	18	folder~aff:IEHE->iehe,filename:last,filename:first	IEHE
ogedegbe_olugbenga	Olugbenga Ogedegbe	/Users/tenoeb01/Desktop/Galaxy Files/pubs_inbox/IEHE/Olugbenga Ogedegbe/Olugbenga_Ogedegbe-Stroke Trial.pdf	18	folder~aff:IEHE->iehe,filename:last,filename:first	IEHE
ogedegbe_olugbenga	Olugbenga Ogedegbe	/Users/tenoeb01/Desktop/Galaxy Files/pubs_inbox/IEHE/Olugbenga Ogedegbe/Olugbenga_Ogedegbe-TLC Trial.pdf	18	folder~aff:IEHE->iehe,filename:last,filename:first	IEHE
vedanthan_rajesh	Rajesh Vedanthan	/Users/tenoeb01/Desktop/Galaxy Files/pubs_inbox/IEHE/Rajesh Vedanthan/Rajesh_Vedanthan- Group Medical Visit and Microfinance.pdf	18	folder~aff:IEHE->iehe,filename:last,filename:first	IEHE
vedanthan_rajesh	Rajesh Vedanthan	/Users/tenoeb01/Desktop/Galaxy Files/pubs_inbox/IEHE/Rajesh Vedanthan/Rajesh_Vedanthan- Wildfire CVD Circ 2022.pdf	18	folder~aff:IEHE->iehe,filename:last,filename:first	IEHE
vedanthan_rajesh	Rajesh Vedanthan	/Users/tenoeb01/Desktop/Galaxy Files/pubs_inbox/IEHE/Rajesh Vedanthan/Rajesh_Vedanthan-Community-based medication delivery HTN PLOS One 2022.pdf	18	folder~aff:IEHE->iehe,filename:last,filename:first	IEHE
vedanthan_rajesh	Rajesh Vedanthan	/Users/tenoeb01/Desktop/Galaxy Files/pubs_inbox/IEHE/Rajesh Vedanthan/Rajesh_Vedanthan-HTN Workforce Estimation Model Hum Res Health 2019.pdf	18	folder~aff:IEHE->iehe,filename:last,filename:first	IEHE
vedanthan_rajesh	Rajesh Vedanthan	/Users/tenoeb01/Desktop/Galaxy Files/pubs_inbox/IEHE/Rajesh Vedanthan/Rajesh_Vedanthan-SPACE CVD Mort PLOS One 2022.pdf	18	folder~aff:IEHE->iehe,filename:last,filename:first	IEHE
ortiz_robin	Robin Ortiz	/Users/tenoeb01/Desktop/Galaxy Files/pubs_inbox/IEHE/Robin Ortiz/Robin_Ortiz - Childhood Environment Early Life Stress, Caregiver Warmth,.pdf	18	folder~aff:IEHE->iehe,filename:last,filename:first	IEHE
ortiz_robin	Robin Ortiz	/Users/tenoeb01/Desktop/Galaxy Files/pubs_inbox/IEHE/Robin Ortiz/Robin_Ortiz Evidence for the Association between Adverse.pdf	18	folder~aff:IEHE->iehe,filename:last,filename:first	IEHE
ortiz_robin	Robin Ortiz	/Users/tenoeb01/Desktop/Galaxy Files/pubs_inbox/IEHE/Robin Ortiz/Robin_Ortiz et al_Sanctuary Policy Content Analysis_Health Affairs_Final publication.pdf	18	folder~aff:IEHE->iehe,filename:last,filename:first	IEHE
ortiz_robin	Robin Ortiz	/Users/tenoeb01/Desktop/Galaxy Files/pubs_inbox/IEHE/Robin Ortiz/Robin_Ortiz_community cortisol.pdf	18	folder~aff:IEHE->iehe,filename:last,filename:first	IEHE
richardson_safiya	Safiya Richardson	/Users/tenoeb01/Desktop/Galaxy Files/pubs_inbox/IEHE/Safiya Richardson/Safiya Richardson - Behavioral Economics and_anonymous.pdf	18	folder~aff:IEHE->iehe,filename:last,filename:first	IEHE
wall_stephen	Stephen Wall	/Users/tenoeb01/Desktop/Galaxy Files/pubs_inbox/IEHE/Stephen Wall/Stephen_Wall -DiMaggio_etal_2016.pdf	18	folder~aff:IEHE->iehe,filename:last,filename:first	IEHE
wall_stephen	Stephen Wall	/Users/tenoeb01/Desktop/Galaxy Files/pubs_inbox/IEHE/Stephen Wall/Stephen_Wall -Onakomaiya_et_al_BMJOpen_2025.pdf	18	folder~aff:IEHE->iehe,filename:last,filename:first	IEHE
wall_stephen	Stephen Wall	/Users/tenoeb01/Desktop/Galaxy Files/pubs_inbox/IEHE/Stephen Wall/Stephen_Wall -Parentetal_uDCDD_Lung_Ethics_AJT.pdf	18	folder~aff:IEHE->iehe,filename:last,filename:first	IEHE
wall_stephen	Stephen Wall	/Users/tenoeb01/Desktop/Galaxy Files/pubs_inbox/IEHE/Stephen Wall/Stephen_Wall -SatWalletal_AJT_2011.pdf	18	folder~aff:IEHE->iehe,filename:last,filename:first	IEHE
wall_stephen	Stephen Wall	/Users/tenoeb01/Desktop/Galaxy Files/pubs_inbox/IEHE/Stephen Wall/Stephen_Wall -Schiff_etal_CriticalCare_2023.pdf	18	folder~aff:IEHE->iehe,filename:last,filename:first	IEHE
spruill_tanya	Tanya M. Spruill	/Users/tenoeb01/Desktop/Galaxy Files/pubs_inbox/IEHE/Tanya Spruill/Tanya_Spruill - et al. 2021 Transl Behav Med.pdf	18	folder~aff:IEHE->iehe,filename:last,filename:first	IEHE
spruill_tanya	Tanya M. Spruill	/Users/tenoeb01/Desktop/Galaxy Files/pubs_inbox/IEHE/Tanya Spruill/Tanya_Spruill - et al. 2023 Am J Hypertens.pdf	18	folder~aff:IEHE->iehe,filename:last,filename:first	IEHE
spruill_tanya	Tanya M. Spruill	/Users/tenoeb01/Desktop/Galaxy Files/pubs_inbox/IEHE/Tanya Spruill/Tanya_Spruill - et al. 2024 Hypertension.pdf	18	folder~aff:IEHE->iehe,filename:last,filename:first	IEHE
spruill_tanya	Tanya M. Spruill	/Users/tenoeb01/Desktop/Galaxy Files/pubs_inbox/IEHE/Tanya Spruill/Tanya_Spruill - et al. 2025 JACC Advances.pdf	18	folder~aff:IEHE->iehe,filename:last,filename:first	IEHE
spruill_tanya	Tanya M. Spruill	/Users/tenoeb01/Desktop/Galaxy Files/pubs_inbox/IEHE/Tanya Spruill/Tanya_Spruill -Arabadjian et al. 2023 J Am Heart Assoc.pdf	18	folder~aff:IEHE->iehe,filename:last,filename:first	IEHE
fontil_valy	Valy Fontil	/Users/tenoeb01/Desktop/Galaxy Files/pubs_inbox/IEHE/Valy Fontil/Fontil final NIH biosketch for R61R33.pdf	16	folder~aff:IEHE->iehe,filename:last	IEHE
fontil_valy	Valy Fontil	/Users/tenoeb01/Desktop/Galaxy Files/pubs_inbox/IEHE/Valy Fontil/Vally_Fontil - BP Control Model.pdf	16	folder~aff:IEHE->iehe,filename:last	IEHE
fontil_valy	Valy Fontil	/Users/tenoeb01/Desktop/Galaxy Files/pubs_inbox/IEHE/Valy Fontil/Vally_Fontil - Improvement in Blood Pressure Control.pdf	16	folder~aff:IEHE->iehe,filename:last	IEHE
fontil_valy	Valy Fontil	/Users/tenoeb01/Desktop/Galaxy Files/pubs_inbox/IEHE/Valy Fontil/Vally_Fontil - Learning Health System.pdf	16	folder~aff:IEHE->iehe,filename:last	IEHE
fontil_valy	Valy Fontil	/Users/tenoeb01/Desktop/Galaxy Files/pubs_inbox/IEHE/Valy Fontil/Vally_Fontil - Omada Health paper.pdf	16	folder~aff:IEHE->iehe,filename:last	IEHE
fontil_valy	Valy Fontil	/Users/tenoeb01/Desktop/Galaxy Files/pubs_inbox/IEHE/Valy Fontil/Vally_Fontil - cost effectiveness of team-based care.pdf	16	folder~aff:IEHE->iehe,filename:last	IEHE
intake_ran_brosh	Ran Brosh	/Users/tenoeb01/Desktop/Galaxy Files/pubs_inbox/ISG/Brosh, Ran/Brosh Mol Cell 2023 with supplement_anonymous.pdf	16	folder~aff:ISG->institute for systems genetics,filename:last	ISG
intake_ran_brosh	Ran Brosh	/Users/tenoeb01/Desktop/Galaxy Files/pubs_inbox/ISG/Brosh, Ran/Brosh-2021-A versatile platform for locus-sca_anonymous.pdf	16	folder~aff:ISG->institute for systems genetics,filename:last	ISG
micro_james_lee	James Lee, PhD	/Users/tenoeb01/Desktop/Galaxy Files/pubs_inbox/Microbiology/Lee, James/lee-et-al-2024-principles-of-peptide-selectio_anonymous.pdf	16	folder~aff:Microbiology->microbiology,filename:last	Microbiology
intake_aravinda_chakravarti	Aravinda Chakravarti	/Users/tenoeb01/Desktop/Galaxy Files/pubs_inbox/Neuroscience/Chakravarti, Aravinda/FineChakravarti.PNAS2025_anonymous.pdf	16	folder~aff:Neuroscience->neuroscience,filename:last	Neuroscience
intake_aravinda_chakravarti	Aravinda Chakravarti	/Users/tenoeb01/Desktop/Galaxy Files/pubs_inbox/Neuroscience/Chakravarti, Aravinda/LeeHanChakravarti.CellRpts2023_anonymous.pdf	16	folder~aff:Neuroscience->neuroscience,filename:last	Neuroscience
intake_rachel_zwick	Rachel Zwick	/Users/tenoeb01/Desktop/Galaxy Files/pubs_inbox/ORGANOID Faculty/Zwick, Rachel/Zwick Postdoctoral Research Publication_anonymous.pdf	16	folder~aff:ORGANOID Faculty->organoid,filename:last	ORGANOID Faculty
