pdf_path	top_candidates(fid|name|score)
/Users/tenoeb01/Desktop/Galaxy Files/pubs_inbox/Cell Biology/Sahu, Sounak/Sahu Dev Cell_anonymous.pdf	intake_catherine_pei_ju_lu|Catherine Pei-ju Lu|3; intake_esteban_o_mazzoni|esteban o mazzoni|3; intake_hyung_don_ryoo|Hyung Don Ryoo|3; intake_elaine_lyn_wilson|Elaine (Lyn) Wilson|3; intake_dimitris_placantonakis|Dimitris Placantonakis|3
/Users/tenoeb01/Desktop/Galaxy Files/pubs_inbox/Cell Biology/Sahu, Sounak/SahuiScience_anonymous.pdf	intake_catherine_pei_ju_lu|Catherine Pei-ju Lu|3; intake_esteban_o_mazzoni|esteban o mazzoni|3; intake_hyung_don_ryoo|Hyung Don Ryoo|3; intake_elaine_lyn_wilson|Elaine (Lyn) Wilson|3; intake_dimitris_placantonakis|Dimitris Placantonakis|3
/Users/tenoeb01/Desktop/Galaxy Files/pubs_inbox/Cell Biology/Sahu, Sounak/journal.pgen.1010940_anonymous.pdf	intake_catherine_pei_ju_lu|Catherine Pei-ju Lu|3; intake_esteban_o_mazzoni|esteban o mazzoni|3; intake_hyung_don_ryoo|Hyung Don Ryoo|3; intake_elaine_lyn_wilson|Elaine (Lyn) Wilson|3; intake_dimitris_placantonakis|Dimitris Placantonakis|3
/Users/tenoeb01/Desktop/Galaxy Files/pubs_inbox/Cell Biology/Sahu, Sounak/s41586-024-08349-1 (1)_anonymous.pdf	intake_catherine_pei_ju_lu|Catherine Pei-ju Lu|3; intake_esteban_o_mazzoni|esteban o mazzoni|3; intake_hyung_don_ryoo|Hyung Don Ryoo|3; intake_elaine_lyn_wilson|Elaine (Lyn) Wilson|3; intake_dimitris_placantonakis|Dimitris Placantonakis|3
/Users/tenoeb01/Desktop/Galaxy Files/pubs_inbox/Cell Biology/Sahu, Sounak/s41598-022-11224-6_anonymous.pdf	intake_catherine_pei_ju_lu|Catherine Pei-ju Lu|3; intake_esteban_o_mazzoni|esteban o mazzoni|3; intake_hyung_don_ryoo|Hyung Don Ryoo|3; intake_elaine_lyn_wilson|Elaine (Lyn) Wilson|3; intake_dimitris_placantonakis|Dimitris Placantonakis|3
/Users/tenoeb01/Desktop/Galaxy Files/pubs_inbox/Cell Biology/Wilson, Elaine/Burger et al Prostate stem cell phenotype PNAS .pdf	intake_elaine_lyn_wilson|Elaine (Lyn) Wilson|15; micro_angus_c_wilson|Angus C. Wilson, PhD|12; intake_catherine_pei_ju_lu|Catherine Pei-ju Lu|3; intake_esteban_o_mazzoni|esteban o mazzoni|3; intake_hyung_don_ryoo|Hyung Don Ryoo|3
/Users/tenoeb01/Desktop/Galaxy Files/pubs_inbox/Cell Biology/Wilson, Elaine/Salm et al TGF-ß regulates prostate stem niche JCB 2005.pdf	intake_elaine_lyn_wilson|Elaine (Lyn) Wilson|15; micro_angus_c_wilson|Angus C. Wilson, PhD|12; intake_catherine_pei_ju_lu|Catherine Pei-ju Lu|3; intake_esteban_o_mazzoni|esteban o mazzoni|3; intake_hyung_don_ryoo|Hyung Don Ryoo|3
/Users/tenoeb01/Desktop/Galaxy Files/pubs_inbox/Cell Biology/Wilson, Elaine/Tassone Oncogene 2019_anonymous.pdf	intake_elaine_lyn_wilson|Elaine (Lyn) Wilson|15; micro_angus_c_wilson|Angus C. Wilson, PhD|12; intake_jonathan_so|Jonathan So|8; intake_catherine_pei_ju_lu|Catherine Pei-ju Lu|3; intake_esteban_o_mazzoni|esteban o mazzoni|3
/Users/tenoeb01/Desktop/Galaxy Files/pubs_inbox/Cell Biology/Wilson, Elaine/Tsujimura et al Proximal location of prostate stem cells JCB.pdf	intake_elaine_lyn_wilson|Elaine (Lyn) Wilson|15; micro_angus_c_wilson|Angus C. Wilson, PhD|12; intake_catherine_pei_ju_lu|Catherine Pei-ju Lu|3; intake_esteban_o_mazzoni|esteban o mazzoni|3; intake_hyung_don_ryoo|Hyung Don Ryoo|3
/Users/tenoeb01/Desktop/Galaxy Files/pubs_inbox/Cell Biology/Wilson, Elaine/Xiong KLF4 2018_anonymous.pdf	intake_elaine_lyn_wilson|Elaine (Lyn) Wilson|15; micro_angus_c_wilson|Angus C. Wilson, PhD|12; intake_catherine_pei_ju_lu|Catherine Pei-ju Lu|3; intake_esteban_o_mazzoni|esteban o mazzoni|3; intake_hyung_don_ryoo|Hyung Don Ryoo|3
/Users/tenoeb01/Desktop/Galaxy Files/pubs_inbox/Center for Human Genetics and Genomics/Mostafavi, Hakham/PIIS000292972200252X_anonymous.pdf	intake_hakhamanesh_mostafavi|Hakhamanesh Mostafavi|12; intake_nadav_brandes|Nadav Brandes|3
/Users/tenoeb01/Desktop/Galaxy Files/pubs_inbox/Center for Human Genetics and Genomics/Mostafavi, Hakham/elife-48376-v2_anonymous.pdf	intake_hakhamanesh_mostafavi|Hakhamanesh Mostafavi|12; intake_nadav_brandes|Nadav Brandes|3
/Users/tenoeb01/Desktop/Galaxy Files/pubs_inbox/Center for Human Genetics and Genomics/Mostafavi, Hakham/s41586-025-09703-7_anonymous.pdf	intake_hakhamanesh_mostafavi|Hakhamanesh Mostafavi|12; intake_nadav_brandes|Nadav Brandes|3
/Users/tenoeb01/Desktop/Galaxy Files/pubs_inbox/Center for Human Genetics and Genomics/Mostafavi, Hakham/s41588-023-01529-1_anonymous.pdf	intake_hakhamanesh_mostafavi|Hakhamanesh Mostafavi|12; intake_nadav_brandes|Nadav Brandes|3
/Users/tenoeb01/Desktop/Galaxy Files/pubs_inbox/Center for Human Genetics and Genomics/Mostafavi, Hakham/s41588-024-01820-9_anonymous.pdf	intake_hakhamanesh_mostafavi|Hakhamanesh Mostafavi|12; intake_nadav_brandes|Nadav Brandes|3
/Users/tenoeb01/Desktop/Galaxy Files/pubs_inbox/ISG/Paolo, Mita/SUBMITTED_anonymous.pdf	micro_jeffrey_n_weiser|Jeffrey N. Weiser, MD|3; intake_jef_d_boeke|Jef D. Boeke|3; intake_ran_brosh|Ran Brosh|3; intake_liam_holt|Liam Holt|3; intake_paolo_mita|Paolo Mita|3
/Users/tenoeb01/Desktop/Galaxy Files/pubs_inbox/ISG/Paolo, Mita/elife-30058-v2_anonymous.pdf	micro_jeffrey_n_weiser|Jeffrey N. Weiser, MD|3; intake_jef_d_boeke|Jef D. Boeke|3; intake_ran_brosh|Ran Brosh|3; intake_liam_holt|Liam Holt|3; intake_paolo_mita|Paolo Mita|3
/Users/tenoeb01/Desktop/Galaxy Files/pubs_inbox/ISG/Paolo, Mita/s41594-020-0374-z_anonymous.pdf	micro_jeffrey_n_weiser|Jeffrey N. Weiser, MD|3; intake_jef_d_boeke|Jef D. Boeke|3; intake_ran_brosh|Ran Brosh|3; intake_liam_holt|Liam Holt|3; intake_paolo_mita|Paolo Mita|3
/Users/tenoeb01/Desktop/Galaxy Files/pubs_inbox/Medicine/Duerr, Ralf/DeVries et al., NatProtocols 2023oct_Generati_anonymous.pdf	micro_ralf_duerr|Ralf Duerr, MD, PhD|12; intake_aravinda_chakravarti|Aravinda Chakravarti|3
/Users/tenoeb01/Desktop/Galaxy Files/pubs_inbox/Medicine/Duerr, Ralf/Kottkamp et al., NEJM 2023dec_mpox immunity a_anonymous.pdf	micro_ralf_duerr|Ralf Duerr, MD, PhD|12; intake_aravinda_chakravarti|Aravinda Chakravarti|3; micro_k_heran_darwin|K. Heran Darwin, PhD|2
/Users/tenoeb01/Desktop/Galaxy Files/pubs_inbox/Medicine/Duerr, Ralf/Oom et al., JVI 2025mar_The two-dose MVA-BN m_anonymous.pdf	micro_ralf_duerr|Ralf Duerr, MD, PhD|12; intake_aravinda_chakravarti|Aravinda Chakravarti|3
/Users/tenoeb01/Desktop/Galaxy Files/pubs_inbox/Medicine/Herati, Ramin/eaag2152.full_mainText_anonymous.pdf	micro_ramin_herati|Ramin Herati, MD|12; intake_aravinda_chakravarti|Aravinda Chakravarti|3
/Users/tenoeb01/Desktop/Galaxy Files/pubs_inbox/Medicine/Herati, Ramin/mmc6_anonymous.pdf	micro_ramin_herati|Ramin Herati, MD|12; intake_aravinda_chakravarti|Aravinda Chakravarti|3
/Users/tenoeb01/Desktop/Galaxy Files/pubs_inbox/Medicine/Herati, Ramin/s41590-022-01274-3_anonymous.pdf	micro_ramin_herati|Ramin Herati, MD|12; intake_aravinda_chakravarti|Aravinda Chakravarti|3
/Users/tenoeb01/Desktop/Galaxy Files/pubs_inbox/Medicine/Herati, Ramin/sciimmunol.adj8526_anonymous.pdf	micro_ramin_herati|Ramin Herati, MD|12; intake_aravinda_chakravarti|Aravinda Chakravarti|3
/Users/tenoeb01/Desktop/Galaxy Files/pubs_inbox/Medicine/Herati, Ramin/scitranslmed.abi8961_anonymous.pdf	micro_ramin_herati|Ramin Herati, MD|12; intake_aravinda_chakravarti|Aravinda Chakravarti|3; intake_ran_brosh|Ran Brosh|2
/Users/tenoeb01/Desktop/Galaxy Files/pubs_inbox/Medicine/Shopsin, Bo/Karagounis et al_anonymous.pdf	micro_bo_shopsin|Bo Shopsin, MD, PhD|12; intake_aravinda_chakravarti|Aravinda Chakravarti|3; micro_k_heran_darwin|K. Heran Darwin, PhD|2
/Users/tenoeb01/Desktop/Galaxy Files/pubs_inbox/Medicine/Shopsin, Bo/Ulrich et al_anonymous.pdf	micro_bo_shopsin|Bo Shopsin, MD, PhD|12; intake_aravinda_chakravarti|Aravinda Chakravarti|3
/Users/tenoeb01/Desktop/Galaxy Files/pubs_inbox/Medicine/Shopsin, Bo/copin et al_anonymous.pdf	micro_bo_shopsin|Bo Shopsin, MD, PhD|12; intake_aravinda_chakravarti|Aravinda Chakravarti|3
/Users/tenoeb01/Desktop/Galaxy Files/pubs_inbox/Medicine/Shopsin, Bo/podkowik et al_anonymous.pdf	micro_bo_shopsin|Bo Shopsin, MD, PhD|12; intake_aravinda_chakravarti|Aravinda Chakravarti|3; micro_k_heran_darwin|K. Heran Darwin, PhD|2
/Users/tenoeb01/Desktop/Galaxy Files/pubs_inbox/Medicine/Shopsin, Bo/zhou et al_anonymous.pdf	micro_bo_shopsin|Bo Shopsin, MD, PhD|12; intake_aravinda_chakravarti|Aravinda Chakravarti|3
/Users/tenoeb01/Desktop/Galaxy Files/pubs_inbox/Microbiology/Darwin, Andrew/AGS-MW MucA_anonymous.pdf	micro_andrew_j_darwin|Andrew J. Darwin, PhD|15; micro_k_heran_darwin|K. Heran Darwin, PhD|15; micro_joel_g_belasco|Joel G. Belasco, PhD|3; micro_ralf_duerr|Ralf Duerr, MD, PhD|3; micro_michael_j_garabedian|Michael J. Garabedian, PhD|3
/Users/tenoeb01/Desktop/Galaxy Files/pubs_inbox/Microbiology/Darwin, Andrew/DS LbcA-CtpA_anonymous.pdf	micro_andrew_j_darwin|Andrew J. Darwin, PhD|15; micro_k_heran_darwin|K. Heran Darwin, PhD|15; micro_joel_g_belasco|Joel G. Belasco, PhD|3; micro_ralf_duerr|Ralf Duerr, MD, PhD|3; micro_michael_j_garabedian|Michael J. Garabedian, PhD|3
/Users/tenoeb01/Desktop/Galaxy Files/pubs_inbox/Microbiology/Darwin, Andrew/Huilin LbcA-CtpA complex_anonymous.pdf	micro_andrew_j_darwin|Andrew J. Darwin, PhD|15; micro_k_heran_darwin|K. Heran Darwin, PhD|15; micro_joel_g_belasco|Joel G. Belasco, PhD|3; micro_ralf_duerr|Ralf Duerr, MD, PhD|3; micro_michael_j_garabedian|Michael J. Garabedian, PhD|3
/Users/tenoeb01/Desktop/Galaxy Files/pubs_inbox/Microbiology/Darwin, Andrew/JB00169-25R1 in press_anonymous.pdf	micro_andrew_j_darwin|Andrew J. Darwin, PhD|15; micro_k_heran_darwin|K. Heran Darwin, PhD|15; micro_joel_g_belasco|Joel G. Belasco, PhD|3; micro_ralf_duerr|Ralf Duerr, MD, PhD|3; micro_michael_j_garabedian|Michael J. Garabedian, PhD|3
/Users/tenoeb01/Desktop/Galaxy Files/pubs_inbox/Microbiology/Darwin, Andrew/MW PA3978_anonymous.pdf	micro_andrew_j_darwin|Andrew J. Darwin, PhD|15; micro_k_heran_darwin|K. Heran Darwin, PhD|15; micro_joel_g_belasco|Joel G. Belasco, PhD|3; micro_ralf_duerr|Ralf Duerr, MD, PhD|3; micro_michael_j_garabedian|Michael J. Garabedian, PhD|3
/Users/tenoeb01/Desktop/Galaxy Files/pubs_inbox/Microbiology/Darwin, Heran/2017 Zhang mBio_anonymous.pdf	micro_andrew_j_darwin|Andrew J. Darwin, PhD|15; micro_k_heran_darwin|K. Heran Darwin, PhD|15; micro_joel_g_belasco|Joel G. Belasco, PhD|3; micro_ralf_duerr|Ralf Duerr, MD, PhD|3; micro_michael_j_garabedian|Michael J. Garabedian, PhD|3
/Users/tenoeb01/Desktop/Galaxy Files/pubs_inbox/Microbiology/Darwin, Heran/2020 Becker Ruc mBio_anonymous.pdf	micro_k_heran_darwin|K. Heran Darwin, PhD|17; micro_andrew_j_darwin|Andrew J. Darwin, PhD|15; micro_joel_g_belasco|Joel G. Belasco, PhD|3; micro_ralf_duerr|Ralf Duerr, MD, PhD|3; micro_michael_j_garabedian|Michael J. Garabedian, PhD|3
/Users/tenoeb01/Desktop/Galaxy Files/pubs_inbox/Microbiology/Darwin, Heran/2022 Yoo JBC_anonymous.pdf	micro_andrew_j_darwin|Andrew J. Darwin, PhD|15; micro_k_heran_darwin|K. Heran Darwin, PhD|15; micro_joel_g_belasco|Joel G. Belasco, PhD|3; micro_ralf_duerr|Ralf Duerr, MD, PhD|3; micro_michael_j_garabedian|Michael J. Garabedian, PhD|3
/Users/tenoeb01/Desktop/Galaxy Files/pubs_inbox/Microbiology/Darwin, Heran/2023 Limón mBio_anonymous.pdf	micro_andrew_j_darwin|Andrew J. Darwin, PhD|15; micro_k_heran_darwin|K. Heran Darwin, PhD|15; micro_joel_g_belasco|Joel G. Belasco, PhD|3; micro_ralf_duerr|Ralf Duerr, MD, PhD|3; micro_michael_j_garabedian|Michael J. Garabedian, PhD|3
/Users/tenoeb01/Desktop/Galaxy Files/pubs_inbox/Microbiology/Darwin, Heran/2024 Kahne CoaX PNAS_anonymous.pdf	micro_k_heran_darwin|K. Heran Darwin, PhD|17; micro_andrew_j_darwin|Andrew J. Darwin, PhD|15; micro_joel_g_belasco|Joel G. Belasco, PhD|3; micro_ralf_duerr|Ralf Duerr, MD, PhD|3; micro_michael_j_garabedian|Michael J. Garabedian, PhD|3
/Users/tenoeb01/Desktop/Galaxy Files/pubs_inbox/ORGANOID Faculty/Hammel, Molly Gale/2015_Jin_TEtranscripts_anonymous.pdf	intake_ran_brosh|Ran Brosh|2
/Users/tenoeb01/Desktop/Galaxy Files/pubs_inbox/ORGANOID Faculty/Hammel, Molly Gale/2019_Tam_Review_TransposonsNeurodegeneration_anonymous.pdf	intake_jonathan_so|Jonathan So|8; intake_ran_brosh|Ran Brosh|2
/Users/tenoeb01/Desktop/Galaxy Files/pubs_inbox/ORGANOID Faculty/Hammel, Molly Gale/2025.Jakobsson_Transposons_PD_Interferon_anonymous.pdf	intake_jonathan_so|Jonathan So|8; micro_k_heran_darwin|K. Heran Darwin, PhD|2; intake_ran_brosh|Ran Brosh|2
/Users/tenoeb01/Desktop/Galaxy Files/pubs_inbox/ORGANOID Faculty/Placantonakis, Dimitris/Biorxiv main text and figures_anonymous.pdf	intake_dimitris_placantonakis|Dimitris Placantonakis|12
/Users/tenoeb01/Desktop/Galaxy Files/pubs_inbox/ORGANOID Faculty/Placantonakis, Dimitris/Boess et al 2023_anonymous.pdf	intake_dimitris_placantonakis|Dimitris Placantonakis|12; micro_bo_shopsin|Bo Shopsin, MD, PhD|2
/Users/tenoeb01/Desktop/Galaxy Files/pubs_inbox/ORGANOID Faculty/Placantonakis, Dimitris/Frenster et al 2023_anonymous.pdf	intake_dimitris_placantonakis|Dimitris Placantonakis|12
/Users/tenoeb01/Desktop/Galaxy Files/pubs_inbox/ORGANOID Faculty/Placantonakis, Dimitris/Stephan et al 2024_anonymous.pdf	intake_dimitris_placantonakis|Dimitris Placantonakis|12
/Users/tenoeb01/Desktop/Galaxy Files/pubs_inbox/ORGANOID Faculty/Placantonakis, Dimitris/hattori-et-al-2025-engineering-antibody-drug-_anonymous.pdf	intake_dimitris_placantonakis|Dimitris Placantonakis|12; micro_bo_shopsin|Bo Shopsin, MD, PhD|2
/Users/tenoeb01/Desktop/Galaxy Files/pubs_inbox/ORGANOID Faculty/So, Jonathan/Comprehensive human cell-type methylation atl_anonymous.pdf	intake_jonathan_so|Jonathan So|12
/Users/tenoeb01/Desktop/Galaxy Files/pubs_inbox/ORGANOID Faculty/So, Jonathan/Radiotherapy and immunology-review Weichselba_anonymous.pdf	intake_jonathan_so|Jonathan So|12
/Users/tenoeb01/Desktop/Galaxy Files/pubs_inbox/ORGANOID Faculty/So, Jonathan/VRK1 as a synthetic lethal target in VRK2 pro_anonymous.pdf	intake_jonathan_so|Jonathan So|12; micro_k_heran_darwin|K. Heran Darwin, PhD|2
/Users/tenoeb01/Desktop/Galaxy Files/pubs_inbox/ORGANOID Faculty/Wisniewski, Thomas/Lewy Path Organoids Brain TW 2025_anonymous.pdf	intake_thomas_wisniewski|Thomas Wisniewski|12
/Users/tenoeb01/Desktop/Galaxy Files/pubs_inbox/Ophthalmology/Chakravarti, Shukti/Ashworth_Ocular Surface 2024_anonymous.pdf	intake_aravinda_chakravarti|Aravinda Chakravarti|12
/Users/tenoeb01/Desktop/Galaxy Files/pubs_inbox/Ophthalmology/Chakravarti, Shukti/Foster2017_anonymous.pdf	intake_aravinda_chakravarti|Aravinda Chakravarti|12
/Users/tenoeb01/Desktop/Galaxy Files/pubs_inbox/Ophthalmology/Chakravarti, Shukti/Maiti2021_anonymous.pdf	intake_aravinda_chakravarti|Aravinda Chakravarti|12
/Users/tenoeb01/Desktop/Galaxy Files/pubs_inbox/Ophthalmology/Chakravarti, Shukti/Maiti_2025_anonymous.pdf	intake_aravinda_chakravarti|Aravinda Chakravarti|12
/Users/tenoeb01/Desktop/Galaxy Files/pubs_inbox/Ophthalmology/Chakravarti, Shukti/Maiti_pnasnexus2022_anonymous.pdf	intake_aravinda_chakravarti|Aravinda Chakravarti|12
/Users/tenoeb01/Desktop/Galaxy Files/pubs_inbox/Pop Health/Ellicott, Matthay/Matthay_2017_In-State and Interstate Associat_anonymous.pdf	intake_jonathan_so|Jonathan So|8
/Users/tenoeb01/Desktop/Galaxy Files/pubs_inbox/Pop Health/Ellicott, Matthay/matthay_2025_Interactive associations of cann_anonymous.pdf	intake_jonathan_so|Jonathan So|8
